OTU,California_grassland15.3,California_grassland62.3,Permafrost_Canada23.3
OTU_0001,0,0,0.028169014084507
OTU_0002,0,0.0576923076923077,0
OTU_0003,0.0234375,0,0
